Name,Code,About,Link,"ng-binding 2 , ng-binding 3  ng-binding 8",ng-binding 5,Date,Mode,Instructure
Abstract Drawing and Painting,ART X412.5,"Explore abstraction as a philosophy and a process-based journey of discovery. Through drawing and painting, you develop a variety of aesthetic and conceptual approaches to non-representation, experimenting with diverse processes and techniques. You devise or refine a uniquely personal abstract language. Analyses of noted modern and postmodern abstract artworks complement your ongoing studio work.",https://extension.berkeley.edu/search/publicCourseSearchDetails.do?method=load&courseId=77320735,"Post-Baccalaureate Certificate in Visual Arts , Specialized Program in Painting  ",This section is open for enrollment,"September 12, 2024 - November 21, 2024",Live Online,"Cynthia Innis,  M.F.A."
Accessibility in UX Design,DESIGN X405.7,"Get an introduction to important aspects of . You first examine the principles of universal design and define the concept of multimedia accessibility that can lower the barriers to entry and improve the experience of websites, apps and forms for people with disabilities. Class discussions center on the core  as they apply to UX design, including an overview of assistive technologies; rethinking disabilities; proper use of color, contrast, and tagging; and form accessibility. You learn practical techniques to ensure usability vs. accessibility in  that can be viewed and used by everyone. Create accessible forms. Learn guidelines for making online content accessible. Investigate the human side of accessibility. Course assignments provide real-world experience so that you are be prepared to incorporate accessibility into your own projects. You complete this class with portfolio pieces that display your new skills.",https://extension.berkeley.edu/search/publicCourseSearchDetails.do?method=load&courseId=60941538,"Professional Program in User Experience (UX) Design , accessibility  concepts of accessibility",This section is open for enrollment,"September 23, 2024 - December 9, 2024",Online,Jennifer Romano
Advanced Revit,ARCH X485,"Picking up where  ARCH X479.2 leaves off, this course covers more advanced commands and functional applications using Autodesk Revit's powerful building information modeling (BIM) software. Learn to harness the power of automatically generated information and master tools that create custom Revit families, lighting, materials, renderings, schedules, and details to improve work flow and productivity.",https://extension.berkeley.edu/search/publicCourseSearchDetails.do?method=load&courseId=40014,"Certificate Program in Interior Design ,   Revit",This section is open for enrollment,"September 16, 2024 - December 9, 2024",Live Online,"Tamara Roth, Associate IIDA, B.F.A., LEED AP ID+C"
AutoCAD,ARCH X479.1,"Develop your digital communication skills by using drafting and editing commands in Autodesk AutoCAD, the industry-standard computer-aided drawing software. Progress with more advanced commands such as XREFs, blocks with attributes and XCLIPs. Learn to translate your model space files into scaled paper space drawings and plot them using multiple viewpoints.",https://extension.berkeley.edu/search/publicCourseSearchDetails.do?method=load&courseId=40004,"Certificate Program in Interior Design ,   ",This section is open for enrollment,"September 10, 2024 - December 17, 2024",Live Online,Ricardo Uribe
Branding,DESIGN X411,"This advanced course simulates the demands of the contemporary design market. Refine your design and presentation skills by working on complex projects involving multiple components. Develop and produce design proposals for specific real-world projects involving two and three dimensions. Create an appropriate goal, timeline and final presentation for a comprehensive and dynamic design-identity program. The instructor selects and facilitates the design project and leads group and individual critiques of student work.",https://extension.berkeley.edu/search/publicCourseSearchDetails.do?method=load&courseId=40705,"Professional Program in Graphic Design , Professional Program in User Experience (UX) Design  ",This section is open for enrollment,"September 19, 2024 - December 12, 2024",Live Online,Thomas McNulty
Business Practices for Interior Designers,ARCH X409,"Develop the skills and knowledge to address the broad range of business and legal needs of the interior design professional. Class curriculum covers business development, financial management and strategic planning. You study practical aspects of the design business, including project management, contracts, record keeping, licensing, ways to limit your liability, and the legal and ethical aspects of the profession.",https://extension.berkeley.edu/search/publicCourseSearchDetails.do?method=load&courseId=39976,"Certificate Program in Interior Design ,   ",This section is open for enrollment,"September 10, 2024 - December 17, 2024",Live Online,Andrea Davis
Chinese Calligraphy,ART X431,"Get an introduction to the essential techniques and materials of calligraphy. Develop an appreciation for the origin, history and artistic significance of this ancient art by examining the works of master calligraphers. The instructor leads demonstrations using a variety of styles and equipment. Through assignments you focus on body and hand postures, character strokes, and proportion. You then practice producing words and poems using these traditional techniques, and explore their application in your own contemporary art.",https://extension.berkeley.edu/search/publicCourseSearchDetails.do?method=load&courseId=1470589,"Post-Baccalaureate Certificate in Visual Arts , Specialized Program in Drawing  ",This section is open for enrollment,"September 21, 2024 - November 23, 2024",Live Online,"Aiqin Zhou,  M.F.A."
Color Theory and Application for Interiors,ARCH X412.7,"Color is one of the most powerful, useful and expressive tools for designing compelling interior spaces. Review the color-based theories of Albert Munsell, Johannes Itten and Josef Albers. Learn how to change the value and intensity of colors using paint. Understand how light transforms color. Two-dimensional exercises teach you to apply theory to using color in interior space.",https://extension.berkeley.edu/search/publicCourseSearchDetails.do?method=load&courseId=39984,"Certificate Program in Interior Design ,   ",This section is open for enrollment,"September 10, 2024 - December 17, 2024",Live Online,"Josie Grant,  M.F.A."
Design Communication I,ARCH X486.1,"Develop your skills in hand drafting and sketching with this basic course in line work, lettering and page layouts for architectural drawings. Learn to produce floor plans, elevations and sections for construction and presentation to contractors and clients. Throughout this process, you learn the basics of industry-standard terms, methods of construction, and organization of graphic communication and the architectural vocabulary. The work is all done by hand, with the intent of preparing you for computer-aided work in future classes.",https://extension.berkeley.edu/search/publicCourseSearchDetails.do?method=load&courseId=27643169,"Certificate Program in Interior Design ,   ",This section is open for enrollment,"September 5, 2024 - November 7, 2024",Live Online,Salvatore Leonardi
Design Communication II,ARCH X486.2,"Learn how drawing can be most effective in the design process. Representing design ideas using software is commonly required, but what do we call those drawings? This course introduces you to the vocabulary of representing 3-D environments. You gain the ability to identify view types and know what to ask for from modeling software. You also develop your manual drawing style as you make your own perspective drawings. You gain hands-on experience drawing interiors in some of the most commonly occurring formats, not using lines that machines do best, but in your own hand.",https://extension.berkeley.edu/search/publicCourseSearchDetails.do?method=load&courseId=29609885,"Certificate Program in Interior Design ,   ",This section is open for enrollment,"September 18, 2024 - November 20, 2024",Live Online,Parisa Maghsoud
Design Communication III,ARCH X486.3,"You reinforce the skills learned in Design Communication II and advance to the next level of sketching and rendering skill by developing visual note taking and establishing a method for accurate freehand perspective drawing. Explore colored pencils, markers, pencil and drafting pens as media. Exercises, including the creation of quick ­sketch vignettes, expand your ability to visualize design concepts and communicate them rapidly and vividly.",https://extension.berkeley.edu/search/publicCourseSearchDetails.do?method=load&courseId=29609946,"Certificate Program in Interior Design ,   ",This section is open for enrollment,"September 12, 2024 - November 14, 2024",Live Online,Robert Frank
Design Principles and Elements,ARCH X475,"Understand people’s relationship to space, architecture and the environment in this introductory, conceptual design course. Learn the basic elements of design to create 2-D compositions. Through lectures, readings, discussions and 3-D models, you apply the principles of design as you analyze space, form and context.",https://extension.berkeley.edu/search/publicCourseSearchDetails.do?method=load&courseId=40001,"Certificate Program in Interior Design ,   ",This section is open for enrollment,"September 9, 2024 - December 16, 2024",Live Online,Eliana Voutsadakis
Design Studio I,ARCH X482.1,"Architecture is not just about forms, material and implementation of styles; good architecture is based on concepts and ideas. This first in a sequence of design studios is arranged about a series of design explorations that require you to think conceptually; frame an argument; materialize ideas; and clearly articulate, both verbally and visually, your design intent. On completion, you develop a personal toolkit of terms, concepts, drawing techniques and presentation skills that can serve as a solid base for future personal, academic and professional projects.",https://extension.berkeley.edu/search/publicCourseSearchDetails.do?method=load&courseId=40008,"Certificate Program in Interior Design ,   ",This section is open for enrollment,"September 5, 2024 - December 19, 2024",Live Online,Qasem Hassan Baouni
Design Studio III,ARCH X482.3,"In this studio course, you take a commercial project (hospitality, workplace, retail or health care) through the schematic phase to the design-development phase. Employ your programming, space planning skills and code knowledge to develop a strong concept. Select appropriate colors, materials and furnishings. Study natural and artificial light as you manipulate spaces. Research solutions to acoustical concerns. As you sequentially develop your design solutions, learn to produce a high-quality, thoughtful project that is important for your portfolio.",https://extension.berkeley.edu/search/publicCourseSearchDetails.do?method=load&courseId=40010,"Certificate Program in Interior Design ,   ",This section is open for enrollment,"September 11, 2024 - December 18, 2024",Live Online,"Samuel Mathau, AIA, APA, M. Arch., M.City Planning/Urban Design"
Diagramming and Prototyping for UX,DESIGN X476,"Diagramming and prototyping are essential tools to convert innovative ideas into tangible and profitable products. Designers use diagramming to visually communicate with end-users and other team members about the holistic experience they are developing. In prototyping, designers create representation of the products and conduct usability tests to quickly get feedback on their ideas as they translate their designs from  and iterate based on user research findings.",https://extension.berkeley.edu/search/publicCourseSearchDetails.do?method=load&courseId=29946164,"Professional Program in Graphic Design , Professional Program in User Experience (UX) Design  low- to high-fidelity prototypes",This section is open for enrollment,"October 3, 2024 - December 12, 2024",Live Online,David Dell'Agostino
Digital Photography Fundamentals,ARCH X405,Learn the basics of digital cameras through an overview of photography and photographic terminology. Understand image-editing software and digital effects.,https://extension.berkeley.edu/search/publicCourseSearchDetails.do?method=load&courseId=39969,"Post-Baccalaureate Certificate in Visual Arts , Specialized Program in Digital Photography  ",This section is open for enrollment,"October 5, 2024 - December 14, 2024",Live Online,David Papas
Digital Photography in Practice and Context,ARCH X405.7,"This course will help to place students' work in the context of contemporary photography practice. Learn to develop conceptual ideas, critique the work of your peers, and find where your work fits in the context of broader photographic practice. In addition to lectures, discussions, and readings the course will include a series of project-based assignments to develop composition and conceptual framework. Students should bring examples of their current work to the first class.",https://extension.berkeley.edu/search/publicCourseSearchDetails.do?method=load&courseId=39972,"Post-Baccalaureate Certificate in Visual Arts , Specialized Program in Digital Photography  ",This section is open for enrollment,"September 23, 2024 - December 9, 2024",Live Online,"Emmanuelle Namont Kouznetsov,  M.F.A."
Digital Presentation Techniques,ARCH X481,"Gain the skills to create effective concept and design drawings using 2-D and 3-D software. In this introductory course, learn how to use Google SketchUp and Adobe Photoshop and InDesign to augment your creative ideas. This class is perfect for students and design professionals alike, particularly in the fields of interior design, architecture and landscaping.",https://extension.berkeley.edu/search/publicCourseSearchDetails.do?method=load&courseId=40007,"Certificate Program in Interior Design ,   ",This section is open for enrollment,"September 25, 2024 - December 11, 2024",Live Online,Robert Frank
Drawing Fundamentals,ART X405,"Develop observational abilities and rendering skills in this introduction to the fine art of drawing. Learn methods of describing objects in terms of line, value, shape and texture. Course projects help you explore the principles of light, space, composition and perspective using a variety of media and techniques.",https://extension.berkeley.edu/search/publicCourseSearchDetails.do?method=load&courseId=40037,"Post-Baccalaureate Certificate in Visual Arts , Specialized Program in Drawing  ",This section is open for enrollment,"September 24, 2024 - December 10, 2024",Live Online,"Sheila Ghidini,  M.F.A."
Essentials of User Experience (UX) Design,DESIGN X429,"Delightful, intuitive and engaging user experience is integral to a company’s success. Gain the skills employers are searching for in this introductory course. You’ll study user-experience design concepts, processes and practices, including topics such as user research, personas, heuristic evaluation, information architecture, , design tools, rapid prototyping, usability assessment and design communication. You'll understand and learn how to apply .",https://extension.berkeley.edu/search/publicCourseSearchDetails.do?method=load&courseId=10878964,"Professional Program in Graphic Design , Professional Program in User Experience (UX) Design  wireframing",This section is open for enrollment,"September 27, 2024 - December 13, 2024",Online,Debra Michalides
Experimental Drawing,ART X433,"Develop a unique partnership between a drawing medium and your imagination, intuition and experience. In studio projects, you experiment with abstractions based on realism, as well as sounds, ideas and words. In addition to studying the relationship of medium to mood while working with a variety of conventional media, you experiment with unconventional media—such as natural pigments, textural elements and found materials—to stretch your drawing technique in new directions.",https://extension.berkeley.edu/search/publicCourseSearchDetails.do?method=load&courseId=40066,"Post-Baccalaureate Certificate in Visual Arts , Specialized Program in Drawing  ",This section is open for enrollment,"September 28, 2024 - December 21, 2024",Live Online,"Sheila Ghidini,  M.F.A."
Fundamentals of Interior Design,ARCH X474,"Explore the world of residential and commercial interior design in this introductory course. Gain exposure to resources, design theory, history, vocabulary and the process of design. For those contemplating registering for the certificate, this course provides a good overview of future coursework.",https://extension.berkeley.edu/search/publicCourseSearchDetails.do?method=load&courseId=40000,"Certificate Program in Interior Design ,   ",This section is open for enrollment,"November 15, 2024 - December 20, 2024",Online,"Jayne Bunce, ASID, B.F.A., CID"
Graphic and Web Design Portfolio,DESIGN X434,"This exit seminar for the Professional Program in Graphic Design helps you develop a professional graphic design  to present to future clients as a freelancer and for employment in the profession. You will have the opportunity to showcase your unique style and strengths, improve your limitations and knowledge gaps by accelerating your design projects during this course for stronger outcomes.",https://extension.berkeley.edu/search/publicCourseSearchDetails.do?method=load&courseId=40707,"Professional Program in Graphic Design , designsake studio  portfolio",This section is open for enrollment,"September 18, 2024 - December 11, 2024",Live Online,Moses Ulhas
"History of Architecture, Interiors and Decorative Arts I",ARCH X412.4,"Take an integrated approach to the design of the built environment, from ancient Egypt through the Renaissance to the late-18th century and English Neoclassicism, French Empire and the American Federal Period styles. In slide-illustrated lectures, you examine the major designs of leading architects and artisans and explore the significance of function, form and ornamentation in relation to social and economic conditions.",https://extension.berkeley.edu/search/publicCourseSearchDetails.do?method=load&courseId=39982,"Certificate Program in Interior Design , Section 012 —  ",Join Wait List for Section 012,"September 9, 2024 - December 16, 2024",Live Online,Seda Dazkir
Illustrating Children's Books,DESIGN X437,"Develop a portfolio as a . You will learn the creative process of designing art for picture books, as well as build your design skills and stretch your imagination. Discover the magic of book making from simple concept to finished and portfolio-worthy artwork. You will learn how to transform basic drawing through personal style and use of colors to develop your own character designs by using visual details to create a compelling .",https://extension.berkeley.edu/search/publicCourseSearchDetails.do?method=load&courseId=40708,"Professional Program in Graphic Design ,   children's book illustrator",This section is open for enrollment,"October 14, 2024 - December 16, 2024",Live Online,Julie Downing
Illustrator I,DESIGN X461,"Adobe Illustrator is the industry standard tool for creating , a must have skill in any graphic designer's toolbox. Through step-by-step instructions, you will learn to use  powerful drawing tools to create drawings, icons, , brand identity and original print and digital artwork.",https://extension.berkeley.edu/search/publicCourseSearchDetails.do?method=load&courseId=40711,"Professional Program in Graphic Design , Professional Program in User Experience (UX) Design  vector graphics",This section is open for enrollment,"October 1, 2024 - December 10, 2024",Live Online,Steve Werner
InDesign,DESIGN X496,"Adobe InDesign is a powerful desktop publishing and typesetting tool. You will explore the essentials of InDesign, including its unique  and graphic capabilities, while learning  to efficiently use the program in your design work by learning how to do document setup: Single vs. facing pages, margins, guides, columns, creating a layout grid. It is essential to getting to know the work area in  so you can navigate easily going forward, this includes changing magnification, panels and creating a custom workspace. You'll explore the overall process involved in producing a layout by typing, importing text and graphics, and working with master pages and understanding .",https://extension.berkeley.edu/search/publicCourseSearchDetails.do?method=load&courseId=40714,"Professional Program in Graphic Design , Professional Program in User Experience (UX) Design  typographic",This section is open for enrollment,"October 5, 2024 - December 14, 2024",Live Online,Steve Werner
Information Architecture (IA) and Content Strategy,DESIGN X435.1,Information Architecture (IA) and content strategy (CS) play significant roles in improving user experience. The challenge lies in building the right content for users' needs. The solution is unifying design and content with  and  professionals—all working harmoniously together.,https://extension.berkeley.edu/search/publicCourseSearchDetails.do?method=load&courseId=27188944,"Professional Program in User Experience (UX) Design ,   IA",This section is open for enrollment,"September 19, 2024 - December 12, 2024",Live Online,
Interior Finishes and Materials,ARCH X480,Learn how to use finishes and materials appropriately for interior applications and addition to construction documentation. Study how materials are installed and how they transition into one another. Understand the substructure on which they are applied and how to specify materials properly. Activities include individual outreach to product representatives in each student's region/territory and virtual/in-person field trips to local showrooms to expand your resource base.,https://extension.berkeley.edu/search/publicCourseSearchDetails.do?method=load&courseId=40006,"Certificate Program in Interior Design ,   ",This section is open for enrollment,"September 7, 2024 - December 21, 2024",Live Online,Dr. Deirdre M. Cimino
Internship in Interior Design,ARCH X409.2,"Immerse yourself in the interior design profession through an internship at a design or architectural firm. With the guidance of your instructor and the supervision of the host organization, you work as a junior designer to gain greater exposure to the real design world and prepare for your future profession.",https://extension.berkeley.edu/search/publicCourseSearchDetails.do?method=load&courseId=39977,"Certificate Program in Interior Design ,   ",This section is open for enrollment,,Online,"Julie Barron,  B.F.A."
Modern Art: History and Theory,HISTART X441,"The European and American modernist revolution that began in the late-19th century and continued into the 20th subverted traditional art and laid the groundwork for contemporary art. Through illustrated lectures and class discussions, you examine important artworks from the Romantic period through the pop-art era. You also explore the cultural conditions that produced these works—including the artists' lives—and investigate the critical and theoretical writings that shaped the aesthetic discourse and subsequent art history.",https://extension.berkeley.edu/search/publicCourseSearchDetails.do?method=load&courseId=41236,"Post-Baccalaureate Certificate in Visual Arts ,   ",This section is open for enrollment,"October 1, 2024 - December 3, 2024",Live Online,"Rachel Silberstein,  D.Phil."
Painting Fundamentals,ART X410,"Get an introduction to the essential materials and techniques of painting, including building and stretching a canvas, mixing color, underpainting, glazing and washing, dry brushing and using a palette knife. Explore the use of composition, line, contrast, texture and color. Demonstrations, slide-illustrated lectures, and individual and group critiques provide a basis to develop your visual awareness.",https://extension.berkeley.edu/search/publicCourseSearchDetails.do?method=load&courseId=40044,"Post-Baccalaureate Certificate in Visual Arts , Specialized Program in Painting  ",This section is open for enrollment,"September 25, 2024 - December 18, 2024",Live Online,"Larry Robinson,  M.F.A."
Photoshop I,DESIGN X462,"This course covers the use of Adobe Photoshop, an essential tool for the work of any . The class focuses on the creation of “”, a design technique unique to Photoshop.",https://extension.berkeley.edu/search/publicCourseSearchDetails.do?method=load&courseId=40712,"Professional Program in Graphic Design , Professional Program in User Experience (UX) Design  graphic or visual designer",This section is open for enrollment,"September 19, 2024 - November 21, 2024",Live Online,Nicolas Gutierrez
Post-Baccalaureate Mentorship,ART X495.5,"Develop a cohesive body of work that demonstrates your approach to art making; gain a skill level appropriate for potential application to graduate programs; and practice the presentation of your conceptual intent and artworks in formal, philosophical and historical terms. Receive individual guidance and evaluation from an approved program instructor. Evaluate your artistic growth, and discuss issues of meaning, content, technique and formal resolution in your artwork.",https://extension.berkeley.edu/search/publicCourseSearchDetails.do?method=load&courseId=40077,"Post-Baccalaureate Certificate in Visual Arts ,   ",This section is open for enrollment,"September 27, 2024 - December 13, 2024",Online,Anastasia Meadors
Post-Baccalaureate Seminar 1: Portfolio and Visual Dynamics,ART X401,"Explore the dynamics of aesthetic expression, perception and process through interdisciplinary study. Learn the essential principles of visual design and composition, narrative, and conceptual intent that inform and enrich your artistic practice. Course topics investigate form and content issues, problem-solving methods and strategies for developing a cohesive body of work.",https://extension.berkeley.edu/search/publicCourseSearchDetails.do?method=load&courseId=40035,"Post-Baccalaureate Certificate in Visual Arts ,   ",This section is open for enrollment,"September 4, 2024 - November 2, 2024",Live Online,"Emmanuelle Namont Kouznetsov,  M.F.A."
Principles of Sustainability,ARCH X411.6,"Explore various pathways to global environmental sustainability, examining commerce, culture, design, policy and individual actions. Focus on key concepts such as ecological footprint measurement, life-cycle analysis, cradle-to-cradle design, green energy, biomimicry and zero waste. Then, learn to apply these sustainable principles to your life.",https://extension.berkeley.edu/search/publicCourseSearchDetails.do?method=load&courseId=1297928,"Certificate Program in Interior Design , Certificate Program in Construction Management and Leadership  Advanced Program in Sustainable Management",This section is open for enrollment,"September 17, 2024 - October 15, 2024",Live Online,"Kelly S. Gearhart, B.A., LEED AP"
Quantitative UX Metrics and Research,DESIGN X440,"Learn how to measure the success of product design through obtaining data and then turning that data into actionable information. Gain insight into how industry professionals assess product success and provide strategic recommendations by studying the user. You gain a fundamental understanding of  and interpreted through methods used for assessing product development, such as customer surveys, website visits, benchmark studies, , psychometrics and statistical techniques. Some of the topics of this class include basic statistics review, hypothesis testing, nonparametric testing; and the collection, analysis and visualization of data. When it comes to usability and its applications, you set up questionnaires for assessing perceived usability, design a post usability questionnaire, design experiments using a standardized usability questionnaire, and analyze and present usability results. You also create a survey and launch it on  to analyze results faster.",https://extension.berkeley.edu/search/publicCourseSearchDetails.do?method=load&courseId=49587373,"Professional Program in User Experience (UX) Design ,   how usability data is collected",This section is open for enrollment,"October 1, 2024 - December 10, 2024",Live Online,Jennifer Romano
Revit,ARCH X479.2,"Learn the fundamentals of building information modeling (BIM) using Autodesk Revit Architecture. See how to implement and employ BIM software to facilitate the design process and automate documentation. Participate in hands-on activities to familiarize yourself with powerful, parametric 3-D modeling tools that enable you to generate fully coordinated plans, sections, elevations, 3-D perspectives and renderings.",https://extension.berkeley.edu/search/publicCourseSearchDetails.do?method=load&courseId=40005,"Certificate Program in Interior Design ,   ",This section is open for enrollment,"September 9, 2024 - December 16, 2024",Live Online,"Laurie Friedman AIA, LEED AP"
Space Planning,ARCH X413.8,"Develop plans that satisfy programmatic needs and use space efficiently. Learn techniques for assimilating client-project information, analyzing program requirements, and developing schematic space-planning solutions for residential and commercial situations. You also study building codes, fire safety and barrier-free designs as essential components of laying out a workable interior space.",https://extension.berkeley.edu/search/publicCourseSearchDetails.do?method=load&courseId=39987,"Certificate Program in Interior Design ,   ",This section is open for enrollment,"September 10, 2024 - December 17, 2024",Live Online,"Julie Barron,  B.F.A."
The Creative Eye: The Art of Seeing with a Camera,ARCH X414.3,"“The camera is an instrument that teaches people to see without a camera.”
—Photographer Dorothea Lange",https://extension.berkeley.edu/search/publicCourseSearchDetails.do?method=load&courseId=85691712,"Post-Baccalaureate Certificate in Visual Arts ,   ",This section is open for enrollment,"October 3, 2024 - December 12, 2024",Live Online,David Ulrich
Typography Fundamentals,DESIGN X450.9,"The Typography Fundamentals course will provide students with a broad understanding of  and how to make intelligent, confident typographic design decisions. It is intended to help students develop a professional grasp on the craft of typography and the application of professional processes to content design. It will consider technology, across multiple media. You will receive an overview of the evolution of typography in both forms and printing technologies and you will also gain industry knowledge and printing standards.",https://extension.berkeley.edu/search/publicCourseSearchDetails.do?method=load&courseId=40710,"Professional Program in Graphic Design , Professional Program in User Experience (UX) Design  contemporary typography",This section is open for enrollment,"September 7, 2024 - December 14, 2024",Live Online,Shelley Gruendler
User Research for UX,DESIGN X475.3,"Get an introduction to the fundamentals of UX research. You gain an understanding of the logistics and theory of conducting user research and how to impact user experience design and product development. You also learn best practices for determining when to use particular methodologies, either qualitative or quantitative research and how to develop appropriate research interviews.",https://extension.berkeley.edu/search/publicCourseSearchDetails.do?method=load&courseId=26741233,"Professional Program in User Experience (UX) Design ,   eye tracking",This section is open for enrollment,"September 4, 2024 - November 6, 2024",Live Online,Lisa Garel
User-Interface (UI) Design,DESIGN X475.2,"Study the principles of information, interaction and navigation design to organize and present information for optimal user interface design (UI). Examine  in the context of  by exploring the core principles of UI. These principles include: make it intuitive to interact with the interface: perception, simplicity, clarity, consistency, hierarchy (visual and temporal); and the human capabilities that motivate them, including motor skills, attention and human error. (In other words, """" by Dieter Rams.)",https://extension.berkeley.edu/search/publicCourseSearchDetails.do?method=load&courseId=25307461,"Professional Program in Graphic Design , Professional Program in User Experience (UX) Design  human-computer interaction (HCI)",This section is open for enrollment,"September 18, 2024 - November 20, 2024",Live Online,Manny Darden
Visual Design Principles,DESIGN X401.2,"Explore the underlying principles of visual/graphic design through a series of weekly studio exercises, online lectures, readings, seminars and guidance in . You use these software demos to explore color theory (CMYK, RGB, Hexadecimal #), grid systems, logo design, perception, balance, line, repetition, composition and .",https://extension.berkeley.edu/search/publicCourseSearchDetails.do?method=load&courseId=40702,"Professional Program in Graphic Design , Professional Program in User Experience (UX) Design  Adobe Illustrator and Photoshop",This section is open for enrollment,"September 18, 2024 - December 18, 2024",Online,"Tom Gehrig,  M.F.A."
Web Design With HTML5 and CSS3,DESIGN X455,"Get an introduction to  to create a small or personal website. After Applying web standards as you code and mastering the fundamentals of web development and design, you then proceed rapidly with semantic coding, starting from text editor in the browser and ending with a website on the Internet. Class discussions include alternative open source software and best practices for usability and .",https://extension.berkeley.edu/search/publicCourseSearchDetails.do?method=load&courseId=11188390,"Professional Program in Graphic Design , Professional Program in User Experience (UX) Design  HTML5 and CSS3",This section is open for enrollment,"September 9, 2024 - November 18, 2024",Live Online,Pamela Wong
