Link,Category,Mode,Duration,Name,Date
https://www.lse.ac.uk/study-at-lse/online-learning/courses/business-management-executive-programme,courses,online-learning,6 months,business management executive programme,28-Jan-25
https://www.lse.ac.uk/study-at-lse/online-learning/courses/social-entrepreneurship,courses,online-learning,8 weeks,social entrepreneurship,21-Aug-24
https://www.lse.ac.uk/study-at-lse/online-learning/courses/leadership-and-change,courses,online-learning,8 weeks,leadership and change,04-Sep-24
https://www.lse.ac.uk/study-at-lse/online-learning/courses/effective-decision-making,courses,online-learning,6 weeks,effective decision making,11-Sep-24
https://www.lse.ac.uk/study-at-lse/online-learning/courses/economic-and-political-development-in-developing-countries,courses,online-learning,6 weeks,economic and political development in developing countries,11-Sep-24
https://www.lse.ac.uk/study-at-lse/online-learning/courses/entrepreneurial-finance,courses,online-learning,6 weeks,entrepreneurial finance,11-Sep-24
https://www.lse.ac.uk/study-at-lse/online-learning/courses/public-policy-analysis,courses,online-learning,10 weeks,public policy analysis,11-Sep-24
https://www.lse.ac.uk/study-at-lse/online-learning/courses/the-law-and-economics-of-mergers-and-acquisitions,courses,online-learning,6 weeks,the law and economics of mergers and acquisitions,11-Sep-24
https://www.lse.ac.uk/study-at-lse/online-learning/courses/mba-essentials,courses,online-learning,10 weeks,mba essentials,11-Sep-24
https://www.lse.ac.uk/study-at-lse/online-learning/courses/financial-analysis-and-management-accounting,courses,online-learning,8 weeks,financial analysis and management accounting,18-Sep-24
https://www.lse.ac.uk/study-at-lse/online-learning/courses/data-analysis-for-management,courses,online-learning,8 weeks,data analysis for management,18-Sep-24
https://www.lse.ac.uk/study-at-lse/online-learning/courses/regulation-strategy,courses,online-learning,8 weeks,regulation strategy,25-Sep-24
https://www.lse.ac.uk/study-at-lse/online-learning/courses/modelling-cost-effectiveness-in-healthcare,courses,online-learning,8 weeks,modelling cost effectiveness in healthcare,02-Oct-24
https://www.lse.ac.uk/study-at-lse/online-learning/courses/machine-learning-practical-applications,courses,online-learning,8 weeks,machine learning practical applications,02-Oct-24
https://www.lse.ac.uk/study-at-lse/online-learning/courses/digital-transformation-in-hr,courses,online-learning,8 weeks,digital transformation in hr,09-Oct-24
https://www.lse.ac.uk/study-at-lse/online-learning/courses/public-policy-innovations,courses,online-learning,8 weeks,public policy innovations,09-Oct-24
https://www.lse.ac.uk/study-at-lse/online-learning/courses/managerial-finance,courses,online-learning,6 weeks,managerial finance,09-Oct-24
https://www.lse.ac.uk/study-at-lse/online-learning/courses/business-international-relations-and-the-political-economy,courses,online-learning,8 weeks,business international relations and the political economy,09-Oct-24
https://www.lse.ac.uk/study-at-lse/online-learning/courses/real-estate-economics-and-finance,courses,online-learning,8 weeks,real estate economics and finance,09-Oct-24
https://www.lse.ac.uk/study-at-lse/online-learning/courses/data-law-policy-and-regulation,courses,online-learning,6 weeks,data law policy and regulation,16-Oct-24
https://www.lse.ac.uk/study-at-lse/online-learning/courses/negotiation-programme,courses,online-learning,6 weeks,negotiation programme,16-Oct-24
https://www.lse.ac.uk/study-at-lse/online-learning/courses/health-economics-and-policy,courses,online-learning,6 weeks,health economics and policy,23-Oct-24
https://www.lse.ac.uk/study-at-lse/online-learning/courses/applied-data-visualisation-and-analysis-for-business,courses,online-learning,6 weeks,applied data visualisation and analysis for business,23-Oct-24
https://www.lse.ac.uk/study-at-lse/online-learning/courses/strategic-communications-in-society-power-ethics-and-practice,courses,online-learning,6 weeks,strategic communications in society power ethics and practice,23-Oct-24
https://www.lse.ac.uk/study-at-lse/online-learning/courses/sustainability-environment-economy-society,courses,online-learning,6 weeks,sustainability environment economy society,23-Oct-24
https://www.lse.ac.uk/study-at-lse/online-learning/courses/managing-people-and-teams,courses,online-learning,8 weeks,managing people and teams,13-Nov-24
https://www.lse.ac.uk/study-at-lse/online-learning/courses/risk-and-crisis-management,courses,online-learning,8 weeks,risk and crisis management,13-Nov-24
https://www.lse.ac.uk/study-at-lse/online-learning/courses/inclusive-leadership-through-behavioural-science,courses,online-learning,8 weeks,inclusive leadership through behavioural science,13-Nov-24
https://www.lse.ac.uk/study-at-lse/online-learning/courses/business-management-executive-programme,courses,online-learning,6 months,business management executive programme,28-Jan-25
https://www.lse.ac.uk/study-at-lse/online-learning/courses/social-entrepreneurship,courses,online-learning,8 weeks,social entrepreneurship,21-Aug-24
https://www.lse.ac.uk/study-at-lse/online-learning/courses/leadership-and-change,courses,online-learning,8 weeks,leadership and change,04-Sep-24
https://www.lse.ac.uk/study-at-lse/online-learning/courses/effective-decision-making,courses,online-learning,6 weeks,effective decision making,11-Sep-24
https://www.lse.ac.uk/study-at-lse/online-learning/courses/economic-and-political-development-in-developing-countries,courses,online-learning,6 weeks,economic and political development in developing countries,11-Sep-24
https://www.lse.ac.uk/study-at-lse/online-learning/courses/entrepreneurial-finance,courses,online-learning,6 weeks,entrepreneurial finance,11-Sep-24
https://www.lse.ac.uk/study-at-lse/online-learning/courses/public-policy-analysis,courses,online-learning,10 weeks,public policy analysis,11-Sep-24
https://www.lse.ac.uk/study-at-lse/online-learning/courses/the-law-and-economics-of-mergers-and-acquisitions,courses,online-learning,6 weeks,the law and economics of mergers and acquisitions,11-Sep-24
https://www.lse.ac.uk/study-at-lse/online-learning/courses/mba-essentials,courses,online-learning,10 weeks,mba essentials,11-Sep-24
https://www.lse.ac.uk/study-at-lse/online-learning/courses/financial-analysis-and-management-accounting,courses,online-learning,8 weeks,financial analysis and management accounting,18-Sep-24
https://www.lse.ac.uk/study-at-lse/online-learning/courses/data-analysis-for-management,courses,online-learning,8 weeks,data analysis for management,18-Sep-24
https://www.lse.ac.uk/study-at-lse/online-learning/courses/regulation-strategy,courses,online-learning,8 weeks,regulation strategy,25-Sep-24
https://www.lse.ac.uk/study-at-lse/online-learning/courses/modelling-cost-effectiveness-in-healthcare,courses,online-learning,8 weeks,modelling cost effectiveness in healthcare,02-Oct-24
https://www.lse.ac.uk/study-at-lse/online-learning/courses/machine-learning-practical-applications,courses,online-learning,8 weeks,machine learning practical applications,02-Oct-24
https://www.lse.ac.uk/study-at-lse/online-learning/courses/digital-transformation-in-hr,courses,online-learning,8 weeks,digital transformation in hr,09-Oct-24
https://www.lse.ac.uk/study-at-lse/online-learning/courses/public-policy-innovations,courses,online-learning,8 weeks,public policy innovations,09-Oct-24
https://www.lse.ac.uk/study-at-lse/online-learning/courses/managerial-finance,courses,online-learning,3 weeks,managerial finance,09-Oct-24
https://www.lse.ac.uk/study-at-lse/online-learning/courses/business-international-relations-and-the-political-economy,courses,online-learning,3 weeks,business international relations and the political economy,09-Oct-24
https://www.lse.ac.uk/study-at-lse/online-learning/courses/real-estate-economics-and-finance,courses,online-learning,6 months,real estate economics and finance,09-Oct-24
https://www.lse.ac.uk/study-at-lse/online-learning/courses/data-law-policy-and-regulation,courses,online-learning,8 weeks,data law policy and regulation,16-Oct-24
https://www.lse.ac.uk/study-at-lse/online-learning/courses/negotiation-programme,courses,online-learning,8 weeks,negotiation programme,16-Oct-24
https://www.lse.ac.uk/study-at-lse/online-learning/courses/health-economics-and-policy,courses,online-learning,6 weeks,health economics and policy,23-Oct-24
https://www.lse.ac.uk/study-at-lse/online-learning/courses/applied-data-visualisation-and-analysis-for-business,courses,online-learning,6 weeks,applied data visualisation and analysis for business,23-Oct-24
https://www.lse.ac.uk/study-at-lse/online-learning/courses/strategic-communications-in-society-power-ethics-and-practice,courses,online-learning,6 weeks,strategic communications in society power ethics and practice,23-Oct-24
https://www.lse.ac.uk/study-at-lse/online-learning/courses/sustainability-environment-economy-society,courses,online-learning,10 weeks,sustainability environment economy society,23-Oct-24
https://www.lse.ac.uk/study-at-lse/online-learning/courses/managing-people-and-teams,courses,online-learning,6 weeks,managing people and teams,13-Nov-24
https://www.lse.ac.uk/study-at-lse/online-learning/courses/risk-and-crisis-management,courses,online-learning,10 weeks,risk and crisis management,13-Nov-24
https://www.lse.ac.uk/study-at-lse/online-learning/courses/inclusive-leadership-through-behavioural-science,courses,online-learning,8 weeks,inclusive leadership through behavioural science,13-Nov-24
https://www.lse.ac.uk/study-at-lse/online-learning/courses/sustainability-communication-strategies,courses,online-learning,8 weeks,sustainability communication strategies,02-Sep-24
https://www.lse.ac.uk/study-at-lse/online-learning/courses/ethics-of-ai,courses,online-learning,8 weeks,ethics of ai,09-Sep-24
https://www.lse.ac.uk/study-at-lse/online-learning/courses/business-management-executive-programme,courses,online-learning,8 weeks,business management executive programme,28-Jan-25
https://www.lse.ac.uk/study-at-lse/online-learning/courses/social-entrepreneurship,courses,online-learning,8 weeks,social entrepreneurship,21-Aug-24
https://www.lse.ac.uk/study-at-lse/online-learning/courses/leadership-and-change,courses,online-learning,8 weeks,leadership and change,04-Sep-24
https://www.lse.ac.uk/study-at-lse/online-learning/courses/effective-decision-making,courses,online-learning,8 weeks,effective decision making,11-Sep-24
https://www.lse.ac.uk/study-at-lse/online-learning/courses/economic-and-political-development-in-developing-countries,courses,online-learning,6 weeks,economic and political development in developing countries,11-Sep-24
https://www.lse.ac.uk/study-at-lse/online-learning/courses/entrepreneurial-finance,courses,online-learning,8 weeks,entrepreneurial finance,11-Sep-24
https://www.lse.ac.uk/study-at-lse/online-learning/courses/public-policy-analysis,courses,online-learning,8 weeks,public policy analysis,11-Sep-24
https://www.lse.ac.uk/study-at-lse/online-learning/courses/the-law-and-economics-of-mergers-and-acquisitions,courses,online-learning,6 months,the law and economics of mergers and acquisitions,11-Sep-24
https://www.lse.ac.uk/study-at-lse/online-learning/courses/mba-essentials,courses,online-learning,6 weeks,mba essentials,11-Sep-24
https://www.lse.ac.uk/study-at-lse/online-learning/courses/financial-analysis-and-management-accounting,courses,online-learning,6 weeks,financial analysis and management accounting,18-Sep-24
https://www.lse.ac.uk/study-at-lse/online-learning/courses/data-analysis-for-management,courses,online-learning,6 months,data analysis for management,18-Sep-24
https://www.lse.ac.uk/study-at-lse/online-learning/courses/regulation-strategy,courses,online-learning,6 weeks,regulation strategy,25-Sep-24
https://www.lse.ac.uk/study-at-lse/online-learning/courses/modelling-cost-effectiveness-in-healthcare,courses,online-learning,6 weeks,modelling cost effectiveness in healthcare,02-Oct-24
https://www.lse.ac.uk/study-at-lse/online-learning/courses/machine-learning-practical-applications,courses,online-learning,6 weeks,machine learning practical applications,02-Oct-24
https://www.lse.ac.uk/study-at-lse/online-learning/courses/digital-transformation-in-hr,courses,online-learning,6 weeks,digital transformation in hr,09-Oct-24
https://www.lse.ac.uk/study-at-lse/online-learning/courses/public-policy-innovations,courses,online-learning,8 weeks,public policy innovations,09-Oct-24
https://www.lse.ac.uk/study-at-lse/online-learning/courses/managerial-finance,courses,online-learning,8 weeks,managerial finance,09-Oct-24
https://www.lse.ac.uk/study-at-lse/online-learning/courses/business-international-relations-and-the-political-economy,courses,online-learning,8 weeks,business international relations and the political economy,09-Oct-24
https://www.lse.ac.uk/study-at-lse/online-learning/courses/real-estate-economics-and-finance,courses,online-learning,"3-6 years, full-time or part-time",real estate economics and finance,09-Oct-24
https://www.lse.ac.uk/study-at-lse/online-learning/courses/data-analytics,courses,online-learning,"3-6 years, full-time or part-time",data analytics,14-Oct-24
https://www.lse.ac.uk/study-at-lse/online-learning/courses/data-law-policy-and-regulation,courses,online-learning,"3-6 years, full-time or part-time",data law policy and regulation,16-Oct-24
https://www.lse.ac.uk/study-at-lse/online-learning/courses/negotiation-programme,courses,online-learning,"3-6 years, full-time or part-time",negotiation programme,16-Oct-24
https://www.lse.ac.uk/study-at-lse/online-learning/courses/digital-marketing-strategy-and-analytics,courses,online-learning,"3-6 years, full-time or part-time",digital marketing strategy and analytics,21-Oct-24
https://www.lse.ac.uk/study-at-lse/online-learning/courses/health-economics-and-policy,courses,online-learning,"3-6 years, full-time or part-time",health economics and policy,23-Oct-24
https://www.lse.ac.uk/study-at-lse/online-learning/courses/applied-data-visualisation-and-analysis-for-business,courses,online-learning,"3-6 years, full-time or part-time",applied data visualisation and analysis for business,23-Oct-24
https://www.lse.ac.uk/study-at-lse/online-learning/courses/strategic-communications-in-society-power-ethics-and-practice,courses,online-learning,"3-6 years, full-time or part-time",strategic communications in society power ethics and practice,23-Oct-24
https://www.lse.ac.uk/study-at-lse/online-learning/courses/sustainability-environment-economy-society,courses,online-learning,"3-6 years, full-time or part-time",sustainability environment economy society,23-Oct-24
https://www.lse.ac.uk/study-at-lse/online-learning/courses/managing-people-and-teams,courses,online-learning,NA ,managing people and teams,13-Nov-24
https://www.lse.ac.uk/study-at-lse/online-learning/courses/risk-and-crisis-management,courses,online-learning,NA ,risk and crisis management,13-Nov-24
https://www.lse.ac.uk/study-at-lse/online-learning/courses/inclusive-leadership-through-behavioural-science,courses,online-learning,NA ,inclusive leadership through behavioural science,13-Nov-24
https://onlinecourses.london.ac.uk/undergraduate/management-degrees/economics-management/,undergraduate,online-learning,NA ,management degrees economics management,BSc Economics and Management | University of London
https://onlinecourses.london.ac.uk/undergraduate/bsc-data-science-business-analytics-degree-online/,undergraduate,online-learning,NA ,bsc data science business analytics degree online ,BSc Data Science and Business Analytics | University of London
https://onlinecourses.london.ac.uk/undergraduate/management-degrees/business-management/,undergraduate,online-learning,NA ,management degrees business management,BSc Business and Management | University of London
https://onlinecourses.london.ac.uk/undergraduate/economics-degrees/economics-finance/,undergraduate,online-learning,NA ,economics degrees economics finance,BSc Economics and Finance | University of London
https://onlinecourses.london.ac.uk/undergraduate/economics-degrees/economics/,undergraduate,online-learning,NA ,economics degrees economics,BSc Economics | University of London
https://onlinecourses.london.ac.uk/undergraduate/accounting-finance-degrees/accounting-finance/,undergraduate,online-learning,NA ,accounting finance degrees accounting finance,BSc Accounting and Finance | University of London
https://onlinecourses.london.ac.uk/undergraduate/accounting-finance-degrees/finance/,undergraduate,online-learning,NA ,accounting finance degrees finance,BSc Finance | University of London
https://onlinecourses.london.ac.uk/undergraduate/international-relations-politics-degrees/international-relations/,undergraduate,online-learning,NA ,international relations politics degrees international relations,BSc International Relations | University of London
https://onlinecourses.london.ac.uk/undergraduate/economics-degrees/mathematics-economics/,undergraduate,online-learning,NA ,economics degrees mathematics economics,BSc Mathematics and Economics | University of London
